company_number,name,incorporation_date,status,sic_codes,age_years,num_accounts_last_10y,num_late_accounts,last_accounts_date,overdue_accounts_flag,num_charges_total,num_charges_outstanding,num_charges_satisfied,has_floating_charge_flag,last_charge_date,signal_potential_distress,signal_boring_profitable_like,distress_score_v1,boring_profitable_score_v1
NI050108,MCMILLEN CONSULTANTS LIMITED,2004-03-30,active,70229,21.66,1,0,2016-02-18,True,0,0,0,False,,True,False,1,2
NI628743,CR FINANCIAL PLANNING LIMITED,2015-01-16,active,70221,10.86,3,0,2018-11-21,True,0,0,0,False,,True,False,1,2
12549088,HH SPORTS CONSULTANCY LIMITED,2020-04-06,active,70229,5.64,3,0,2023-12-21,True,0,0,0,False,,True,False,1,1
SC119502,MARKET SIGNALS LIMITED,1989-08-15,active,73110,36.28,9,0,2024-03-22,True,0,0,0,False,,True,False,1,3
12967045,ODIN FINANCE LIMITED,2020-10-22,active,70229,5.1,0,0,,True,0,0,0,False,,True,False,1,1
12973660,BEECHWAY FINANCIAL LTD,2020-10-26,active,70221,5.08,3,0,2022-10-26,True,0,0,0,False,,True,False,1,1
07795943,ACCOUNT MANAGEMENT EXPERT LIMITED,2011-10-04,active,70229,14.15,0,0,,False,0,0,0,False,,False,False,0,2
06708383,KUNDI CONSULTING LIMITED,2008-09-25,active,70229,17.17,1,0,2016-03-16,True,0,0,0,False,,True,False,1,2
11768206,BILL AGENCY LTD,2019-01-15,active,70221;96090,6.86,0,0,,True,0,0,0,False,,True,False,1,1
11772504,8BRIDGES CONSULTING LTD.,2019-01-17,active,70229;78300,6.86,1,0,2021-01-12,True,0,0,0,False,,True,False,1,1
11797482,CARNE CONSULTING LIMITED,2019-01-30,active,73110,6.82,3,0,2022-10-31,True,0,0,0,False,,True,False,1,1
11626340,A TO Z TRADING LTD,2018-10-16,active,70229,7.11,2,0,2021-07-27,True,0,0,0,False,,True,False,1,1
11924380,ALFIE MARKETING LTD,2019-04-03,active,73110,6.65,2,0,2020-03-20,True,0,0,0,False,,True,False,1,1
10373307,JAIMAA CONSULTANT LTD,2016-09-13,active,70229,9.2,2,0,2019-06-28,True,0,0,0,False,,True,False,1,1
10207222,CALIBRE CONSULTING GROUP LIMITED,2016-05-31,active,70229,9.49,2,0,2017-12-11,True,0,0,0,False,,True,False,1,1
10080791,FP INSIEME LIMITED,2016-03-23,active,70229,9.68,7,0,2023-10-24,True,0,0,0,False,,True,False,1,2
10780140,B.J.E L&D LTD,2017-05-19,active,70229;82990,8.52,4,0,2022-08-11,True,0,0,0,False,,True,False,1,1
10795651,JACKS DIGITAL LTD.,2017-05-31,active,62012;62020;70229,8.49,4,0,2022-07-15,True,0,0,0,False,,True,False,1,1
SC629666,ARCRYSS CONSULTING LIMITED,2019-05-07,active,70229;74990,6.56,2,0,2022-07-28,True,0,0,0,False,,True,False,1,1
12578630,QUBO CONSULTANTS LTD,2020-04-29,active,70210;70229;94120,5.58,0,0,,True,0,0,0,False,,True,False,1,1
11430485,TOWNLEY SERVICES LIMITED,2018-06-25,active,70229,7.42,2,0,2021-04-20,True,0,0,0,False,,True,False,1,1
09999784,HODGKINSON CONSULTANCY SERVICES LTD,2016-02-11,active,70221,9.79,4,0,2021-01-18,True,0,0,0,False,,True,False,1,1
10266613,MESOLEAN GROUP LTD.,2016-07-07,active,70229;78109;78300,9.39,6,0,2022-12-20,True,0,0,0,False,,True,False,1,1
07183006,NIGHTINGALE CONSULTING LIMITED,2010-03-09,active,70229;80100;80300,15.72,5,0,2019-12-19,True,0,0,0,False,,True,False,1,2
08140876,THE WE TECHNOLOGY (UK) LTD,2012-07-12,active,62012;62090;70229;74909,13.37,10,0,2025-04-09,False,0,0,0,False,,False,True,0,3
10845563,MAUDSLEY LTD,2017-06-30,active,70229,8.41,6,0,2022-11-04,True,0,0,0,False,,True,False,1,1
12423136,KPMUK LTD,2020-01-24,active,70229,5.84,3,0,2023-10-31,True,0,0,0,False,,True,False,1,1
06267967,AVSIDYA SERVICES LTD,2007-06-04,active,70229,18.48,7,0,2021-05-25,True,0,0,0,False,,True,False,1,3
10728903,T FRANCIS (UK) LTD,2017-04-19,active,70229;74909;86220,8.61,4,0,2022-03-21,True,0,0,0,False,,True,False,1,1
13995668,DMRC CONSULTANCY SERVICES LIMITED,2022-03-22,active,70229,3.68,2,0,2025-03-21,False,0,0,0,False,,False,False,0,1
09423868,FLAME UK BUSINESS SERVICES GROUP LTD,2015-02-05,active,70229,10.81,14,0,2025-06-02,False,1,0,1,False,2018-06-04,False,True,0,3
07740842,DECOUPLE LIMITED,2011-08-15,active,70229,14.28,10,0,2025-08-28,False,0,0,0,False,,False,True,0,3
04448756,DAWLISH LIMITED,2002-05-28,active,73110,23.5,0,0,,True,0,0,0,False,,True,False,1,2
02773512,RUPERT TAYLOR LIMITED,1992-12-14,active,01420;01430;70229;71129,32.95,10,0,2025-05-15,False,2,0,2,False,2013-03-27,False,True,0,3
12023080,GLOBAL PRIVATE EQUITY LIMITED,2019-05-29,active,70221,6.5,3,0,2023-02-28,True,0,0,0,False,,True,False,1,1
09220681,INNOVATION DEVELOPMENT (PROJECTS) LIMITED,2014-09-16,active,70229,11.2,10,0,2025-06-02,False,0,0,0,False,,False,True,0,3
12199092,AGENT ELITES LTD,2019-09-10,active,46370;46410;46450;70229,6.21,4,0,2025-04-10,True,0,0,0,False,,True,False,1,1
12251860,BOULEVARD MARKETING LTD,2019-10-09,active,73110,6.13,4,0,2024-07-31,True,0,0,0,False,,True,False,1,1
07707662,THE FULL HOUSE FOR FAMILIES LTD,2011-07-18,active,62090;70229;73200,14.36,10,0,2025-04-09,False,0,0,0,False,,False,True,0,3
11504523,DOCTORS IN BUSINESS LTD,2018-08-07,active,73110;86900,7.3,6,0,2025-05-19,False,0,0,0,False,,False,False,0,1
05180629,NUCLEUS COMPLETE BUSINESS ADVICE LIMITED,2004-07-15,active,70229,21.37,10,0,2025-07-31,False,0,0,0,False,,False,True,0,3
12563916,KABOKY LTD,2020-04-20,active,46140;66220;70229;79110,5.6,2,0,2023-12-18,True,0,0,0,False,,True,False,1,1
11579423,TECHLAWYER CONSULTANCY LIMITED,2018-09-20,active,70229,7.18,7,0,2024-03-26,True,0,0,0,False,,True,False,1,2
11582000,SPARKLE CONSULTANCY LTD,2018-09-21,active,70229,7.18,2,0,2021-06-30,True,0,0,0,False,,True,False,1,1
11337773,SHAPE YOUR FUTURE ONLINE LTD,2018-04-30,active,70229,7.58,6,0,2024-12-24,False,0,0,0,False,,False,False,0,1
11686882,JIMMY JAMES COMPANIES UK LTD,2018-11-20,active,73110,7.02,6,0,2025-09-01,False,0,0,0,False,,False,False,0,1
10180235,SAGACITI CONSULTING LTD,2016-05-13,active,70229,9.54,8,0,2024-11-04,False,0,0,0,False,,False,True,0,2
09750693,ULTIMATE CLIENTELE LIMITED,2015-08-26,active,70229,10.25,9,0,2025-01-13,False,0,0,0,False,,False,True,0,3
15664493,FUTURE TOOLING HOLDINGS LIMITED,2024-04-20,active,64209;70229,1.6,2,0,2025-07-29,False,0,0,0,False,,False,False,0,1
10937728,SHERINGHAM CROFT MANAGEMENT LTD,2017-08-30,active,70221,8.24,8,0,2025-09-26,False,0,0,0,False,,False,True,0,2
04425004,AZTEC CONSULTANTS (GB) LIMITED,2002-04-25,active,70229,23.59,10,0,2025-06-05,False,0,0,0,False,,False,True,0,3
09762552,SANDCREST CONSULTING LIMITED,2015-09-04,active,70229,10.23,9,0,2025-04-01,False,0,0,0,False,,False,True,0,3
06590794,ICJR CONSULTANCY LIMITED,2008-05-13,active,70229,17.54,10,0,2025-05-27,False,0,0,0,False,,False,True,0,3
08800582,RADHA KRISHNA AGS LTD,2013-12-03,active,41202;43999;69202;70229,11.98,10,0,2025-08-07,False,0,0,0,False,,False,True,0,3
14087296,NOTTINGHAM CONSULTING LIMITED,2022-05-05,active,70221,3.56,3,0,2024-12-06,False,0,0,0,False,,False,False,0,1
SC413867,S BIRNIE TRAINING AND DEVELOPMENT LTD,2012-01-04,active,70229,13.89,10,0,2023-10-09,True,0,0,0,False,,True,False,1,3
09418604,LIZBAN CONSULTING LTD.,2015-02-03,active,70229,10.81,8,0,2025-06-13,True,0,0,0,False,,True,False,1,3
SC587963,ANSPRO LTD,2018-02-07,active,70229,7.8,6,0,2024-11-28,False,0,0,0,False,,False,False,0,1
SC585860,SGI SOLUTIONS LIMITED,2018-01-16,active,70229,7.86,6,0,2025-01-06,True,0,0,0,False,,True,False,1,1
SC262456,CELEBRE LIMITED,2004-01-26,active,70229,21.83,8,0,2023-12-19,True,2,2,0,False,2006-10-26,True,False,1,3
13836714,HC DEBT MANAGEMENT LTD,2022-01-10,active,70229,3.88,2,0,2025-09-23,True,0,0,0,False,,True,False,1,1
02954712,CRYSTAL DESIGN SERVICES LIMITED,1994-08-02,active,62020;63990;70229;85590,31.32,10,0,2025-03-19,False,0,0,0,False,,False,True,0,3
06670576,FLYING-SPIRITS LTD,2008-08-12,active,70229,17.29,5,0,2021-04-23,True,0,0,0,False,,True,False,1,2
12401270,TOP KEK LTD,2020-01-14,active,70229,5.87,3,0,2023-10-31,True,0,0,0,False,,True,False,1,1
NI645731,IKOLO LIMITED,2017-05-12,active,73110,8.54,6,0,2023-01-31,True,0,0,0,False,,True,False,1,1
12490286,A J DUNLOP CONSULTING LIMITED,2020-02-28,active,70229,5.74,5,0,2025-10-24,False,0,0,0,False,,False,False,0,1
07725608,LANDWISE RURAL RESOURCE MANAGEMENT LIMITED,2011-08-02,active,70229,14.32,10,0,2025-04-03,False,0,0,0,False,,False,True,0,3
11826595,ESSEX ADVERTISING SERVICES LTD,2019-02-14,active,73110,6.78,1,0,2021-02-13,True,0,0,0,False,,True,False,1,1
14100097,SYSTEMS4FOOD LTD,2022-05-11,active,70229,3.55,3,0,2025-07-14,False,0,0,0,False,,False,False,0,1
11917623,HCI GROUP OF COMPANIES LTD,2019-04-01,active,64209;70229,6.66,3,0,2023-08-21,True,0,0,0,False,,True,False,1,1
